vegetable,city,temperature,rainfall,demand,current_price,future_price
Onion,Bangalore,30,19,188,13,23.5
Tomato,Hyderabad,29,26,253,15,28.05
Onion,Mumbai,27,15,276,27,36.3
Tomato,Mumbai,35,26,186,17,24.7
Tomato,Chennai,31,9,237,12,26.95
Tomato,Chennai,26,26,239,22,34.35
Tomato,Hyderabad,35,24,292,15,25.2
Tomato,Mumbai,31,0,253,32,41.65
Tomato,Delhi,29,27,183,17,27.45
Onion,Delhi,31,28,267,11,19.55
Tomato,Mumbai,31,6,285,15,26.65
Tomato,Chennai,33,9,288,28,43.5
Onion,Bangalore,28,15,262,15,29.6
Tomato,Delhi,32,13,201,40,45.75
Onion,Chennai,28,11,236,16,23.7
Tomato,Delhi,29,22,190,17,27.3
Onion,Delhi,33,28,259,10,18.15
Onion,Hyderabad,32,11,201,39,51.95
Tomato,Bangalore,29,19,267,20,31.45
Tomato,Mumbai,33,15,234,33,45.2
Tomato,Hyderabad,29,29,284,40,55.3
Tomato,Mumbai,33,5,268,31,45.9
Potato,Hyderabad,32,2,186,31,40.1
Potato,Mumbai,33,1,199,12,19.85
Potato,Delhi,29,8,189,22,35.65
Onion,Mumbai,29,6,213,35,42.05
Potato,Bangalore,27,9,271,27,37.65
Onion,Delhi,31,26,294,30,42.1
Tomato,Hyderabad,32,4,256,25,39.4
Potato,Hyderabad,32,11,184,38,48.1
Potato,Delhi,35,6,297,20,35.25
Onion,Hyderabad,32,30,260,40,51.0
Potato,Chennai,28,19,212,28,38.7
Potato,Hyderabad,31,24,201,31,36.65
Onion,Mumbai,25,9,291,31,48.65
Tomato,Delhi,35,5,267,31,46.85
Onion,Bangalore,35,18,242,36,45.3
Onion,Mumbai,25,23,296,15,25.5
Tomato,Chennai,30,26,288,14,26.8
Potato,Delhi,33,12,249,40,55.25
Tomato,Hyderabad,26,8,232,24,32.8
Tomato,Bangalore,32,15,280,37,47.5
Tomato,Mumbai,29,18,272,22,37.8
Tomato,Bangalore,26,26,259,16,31.35
Onion,Mumbai,29,28,255,25,36.95
Potato,Hyderabad,25,3,263,37,52.85
Tomato,Mumbai,28,21,279,34,44.85
Onion,Chennai,29,26,285,17,33.65
Onion,Chennai,34,16,238,36,43.3
Onion,Bangalore,35,22,198,13,24.7
Tomato,Mumbai,29,13,231,20,33.25
Potato,Bangalore,28,30,231,12,17.55
Onion,Delhi,25,6,263,20,35.55
Potato,Bangalore,34,25,209,37,41.95
Onion,Mumbai,30,30,286,30,46.3
Onion,Delhi,33,17,216,38,50.1
Tomato,Bangalore,28,7,201,24,34.35
Potato,Hyderabad,31,10,226,33,41.3
Potato,Bangalore,31,13,224,28,37.9
Tomato,Mumbai,27,17,263,10,23.45
Potato,Bangalore,34,7,298,16,35.2
Potato,Hyderabad,31,17,247,17,25.65
Potato,Delhi,28,11,253,17,32.55
Onion,Chennai,30,22,213,15,21.45
Tomato,Hyderabad,27,9,207,10,20.45
Tomato,Mumbai,35,4,283,36,47.75
Potato,Chennai,26,11,236,11,26.7
Tomato,Delhi,26,1,285,15,34.15
Tomato,Bangalore,34,3,294,22,39.4
Onion,Mumbai,26,9,293,30,47.75
Onion,Hyderabad,30,7,185,27,35.55
Tomato,Chennai,34,10,223,16,31.15
Tomato,Hyderabad,25,5,279,19,36.45
Potato,Hyderabad,33,29,276,37,45.9
Potato,Bangalore,25,0,247,26,37.35
Onion,Bangalore,29,24,227,23,33.95
Potato,Mumbai,30,6,209,14,23.85
Onion,Delhi,27,5,276,15,26.3
Tomato,Chennai,35,26,278,40,49.3
Onion,Mumbai,29,24,225,30,36.85
Onion,Hyderabad,32,5,270,30,48.0
Onion,Bangalore,31,12,259,37,48.75
Potato,Mumbai,26,20,216,12,19.8
Onion,Hyderabad,25,17,299,20,32.25
Onion,Bangalore,27,13,287,37,51.05
Potato,Hyderabad,25,14,300,11,26.6
Onion,Mumbai,33,20,222,36,45.1
Tomato,Bangalore,27,20,283,38,50.15
Onion,Mumbai,30,20,211,35,41.55
Tomato,Hyderabad,35,2,276,17,34.6
Tomato,Delhi,25,19,299,17,35.05
Potato,Mumbai,26,4,236,11,24.4
Tomato,Bangalore,25,7,204,12,25.5
Onion,Hyderabad,34,25,265,15,25.75
Onion,Hyderabad,28,17,237,34,44.15
Potato,Mumbai,27,18,250,23,31.7
Onion,Hyderabad,25,9,259,22,31.05
Onion,Mumbai,28,4,298,40,54.5
Potato,Delhi,28,21,214,17,30.6
Tomato,Bangalore,28,13,284,10,26.9
Potato,Hyderabad,32,27,279,21,34.25
Onion,Hyderabad,28,29,215,18,22.85
Onion,Hyderabad,30,9,215,16,29.85
Tomato,Delhi,35,30,278,18,30.9
Onion,Bangalore,29,18,251,27,37.75
Onion,Chennai,29,6,208,37,44.8
Onion,Delhi,29,4,205,33,40.85
Potato,Chennai,33,29,298,36,46.0
Potato,Delhi,26,13,295,20,31.45
Onion,Chennai,25,4,289,32,45.05
Potato,Delhi,31,30,235,22,31.75
Tomato,Chennai,34,22,208,22,28.2
Onion,Delhi,31,2,291,20,31.35
Onion,Delhi,31,1,297,23,36.75
Tomato,Hyderabad,34,9,222,18,33.2
Tomato,Delhi,28,25,278,32,45.4
Potato,Delhi,31,26,242,17,27.5
Tomato,Hyderabad,30,12,294,14,24.5
Onion,Delhi,30,12,237,25,34.65
Onion,Mumbai,28,17,235,15,23.05
Onion,Delhi,32,25,214,32,41.2
Potato,Hyderabad,34,21,226,23,29.2
Tomato,Chennai,31,4,251,18,28.15
Tomato,Hyderabad,33,14,203,25,30.75
Potato,Delhi,33,19,265,33,47.35
Potato,Hyderabad,29,15,260,37,45.5
Onion,Delhi,26,1,185,39,52.15
Onion,Bangalore,25,8,296,23,41.0
Potato,Bangalore,34,23,217,18,24.55
Tomato,Hyderabad,29,3,219,15,22.65
Onion,Chennai,30,4,204,32,42.8
Potato,Mumbai,31,0,233,35,48.65
Tomato,Bangalore,30,4,230,13,28.1
Onion,Delhi,33,6,210,25,34.9
Potato,Hyderabad,34,19,285,15,27.35
Potato,Chennai,32,19,211,19,31.65
Tomato,Bangalore,35,15,232,37,51.1
Onion,Delhi,34,6,203,28,35.55
Potato,Mumbai,30,0,274,11,27.7
Tomato,Mumbai,34,6,224,12,26.6
Onion,Chennai,28,8,225,21,30.45
Potato,Bangalore,32,22,239,21,30.75
Tomato,Delhi,28,19,238,33,48.0
Potato,Bangalore,33,11,232,32,44.5
Potato,Bangalore,35,2,244,26,37.0
Onion,Mumbai,25,3,208,34,42.1
Onion,Delhi,29,17,184,31,36.5
Onion,Hyderabad,27,7,225,27,38.55
Potato,Chennai,32,26,281,39,50.45
Onion,Bangalore,27,6,249,18,27.85
Onion,Chennai,27,7,280,12,28.3
Onion,Chennai,28,30,204,10,16.2
Tomato,Bangalore,34,20,259,16,23.95
Tomato,Bangalore,27,9,278,25,37.0
Onion,Mumbai,33,18,264,16,26.4
Potato,Hyderabad,28,13,225,13,24.95
Onion,Bangalore,29,24,182,24,29.7
Onion,Delhi,28,10,297,37,50.85
Onion,Bangalore,27,3,259,36,50.65
Onion,Chennai,31,7,250,23,33.8
Tomato,Hyderabad,33,25,199,16,25.45
Potato,Hyderabad,26,23,263,27,37.85
Potato,Mumbai,28,16,268,26,35.8
Tomato,Hyderabad,29,29,216,10,15.9
Tomato,Bangalore,33,25,228,24,35.9
Tomato,Hyderabad,26,7,215,10,21.05
Tomato,Chennai,25,25,188,24,35.9
Onion,Hyderabad,29,19,186,10,16.4
Tomato,Mumbai,34,23,274,16,32.4
Potato,Hyderabad,33,21,293,10,23.55
Potato,Hyderabad,26,19,229,14,28.55
Onion,Hyderabad,33,9,288,20,37.5
Onion,Chennai,34,14,190,40,49.1
Tomato,Chennai,32,3,190,39,48.2
Tomato,Delhi,34,26,216,32,45.2
Potato,Chennai,27,6,196,26,37.2
Tomato,Delhi,26,6,227,32,42.75
Tomato,Delhi,30,29,283,27,42.25
Tomato,Chennai,25,15,244,33,46.7
Potato,Hyderabad,31,0,296,35,48.8
Tomato,Chennai,31,16,221,13,20.45
Tomato,Mumbai,25,0,220,36,52.0
Onion,Chennai,27,0,295,19,31.75
Onion,Delhi,26,8,197,14,24.05
Tomato,Mumbai,28,2,180,11,20.8
Potato,Mumbai,29,9,198,25,36.0
Potato,Chennai,26,2,256,38,48.6
Tomato,Chennai,30,7,202,33,41.4
Potato,Chennai,27,29,252,17,31.7
Onion,Delhi,26,30,223,19,30.15
Tomato,Hyderabad,25,15,194,18,29.2
Onion,Delhi,28,14,245,31,41.85
Onion,Mumbai,35,27,269,38,49.75
Tomato,Bangalore,28,30,189,13,16.45
Potato,Bangalore,26,18,268,21,34.6
Tomato,Delhi,26,27,194,11,20.0
Tomato,Delhi,27,9,222,32,40.2
Potato,Hyderabad,29,11,242,38,49.0
Tomato,Mumbai,30,13,264,24,32.9
Tomato,Delhi,32,16,244,33,48.6
Tomato,Delhi,34,29,185,23,32.35
Potato,Chennai,27,12,245,24,39.05
Onion,Chennai,25,6,182,32,38.5
Onion,Chennai,32,8,270,32,45.7
Potato,Mumbai,26,8,208,16,30.6
Potato,Bangalore,25,11,227,20,27.25
Onion,Bangalore,31,24,197,34,39.45
Onion,Bangalore,27,29,298,12,25.0
Tomato,Mumbai,25,9,296,11,29.9
Tomato,Delhi,29,2,253,24,38.45
Onion,Delhi,32,20,260,33,46.0
Tomato,Chennai,25,0,209,38,49.45
Tomato,Chennai,31,7,279,22,32.25
Tomato,Delhi,28,11,260,20,34.9
Tomato,Delhi,31,30,262,20,34.1
Onion,Bangalore,30,16,218,29,37.3
Potato,Hyderabad,29,26,287,24,37.75
Onion,Delhi,34,10,291,22,33.55
Tomato,Bangalore,27,21,185,19,28.15
Onion,Delhi,25,11,261,24,37.95
Potato,Chennai,28,28,257,28,39.05
Onion,Mumbai,32,10,293,25,41.65
Tomato,Hyderabad,31,17,183,15,23.45
Potato,Bangalore,26,11,269,28,43.35
Potato,Hyderabad,32,15,247,29,36.85
Potato,Delhi,27,14,280,19,36.6
Onion,Chennai,25,27,272,33,45.9
Potato,Bangalore,34,0,237,17,31.85
Tomato,Delhi,25,15,220,33,43.5
Potato,Mumbai,35,6,246,24,34.7
Potato,Bangalore,27,0,291,19,34.55
Onion,Bangalore,35,2,285,38,49.05
Onion,Chennai,26,8,284,26,42.4
Tomato,Chennai,28,15,277,27,39.35
Onion,Mumbai,32,15,208,35,41.9
Potato,Hyderabad,29,28,230,22,30.7
Potato,Mumbai,29,11,274,12,29.6
Tomato,Delhi,30,23,237,16,27.55
Tomato,Mumbai,34,14,265,19,29.85
Onion,Mumbai,31,10,212,31,44.6
Onion,Bangalore,34,0,237,33,43.85
Onion,Bangalore,30,18,274,20,30.9
Potato,Chennai,28,12,217,33,42.65
Onion,Chennai,27,10,252,18,30.6
Tomato,Mumbai,31,12,264,11,22.0
Potato,Hyderabad,34,21,236,28,40.7
Potato,Delhi,27,30,289,13,22.45
Onion,Mumbai,31,9,283,34,52.25
Onion,Hyderabad,26,26,230,16,22.9
Potato,Bangalore,29,3,231,29,38.25
Potato,Mumbai,29,21,244,31,38.1
Potato,Bangalore,28,17,186,13,17.6
Tomato,Bangalore,32,20,235,23,31.75
Potato,Hyderabad,34,13,262,17,26.8
Tomato,Delhi,33,3,262,18,31.8
Onion,Delhi,27,19,280,36,45.1
Onion,Bangalore,31,14,239,28,38.55
Onion,Chennai,35,8,224,40,47.4
Tomato,Delhi,35,8,241,11,20.25
Potato,Mumbai,30,19,196,36,45.9
Potato,Delhi,34,6,277,37,52.25
Tomato,Bangalore,33,14,295,23,38.35
Tomato,Hyderabad,31,3,281,23,36.75
Potato,Bangalore,28,18,256,30,42.0
Tomato,Mumbai,27,28,226,33,42.5
Potato,Hyderabad,34,16,266,35,50.7
Potato,Bangalore,32,9,286,34,47.4
Tomato,Bangalore,25,3,275,18,28.45
Potato,Bangalore,29,3,185,14,19.95
Onion,Chennai,30,13,231,29,44.25
Potato,Bangalore,26,29,230,33,42.6
Onion,Chennai,30,0,186,13,23.3
Potato,Bangalore,26,12,211,20,31.35
Potato,Hyderabad,31,23,221,38,44.75
Onion,Delhi,26,18,264,20,34.4
Tomato,Delhi,34,27,265,10,22.55
Tomato,Delhi,30,26,272,36,50.0
Tomato,Chennai,33,5,202,36,48.6
Onion,Hyderabad,34,12,183,23,33.95
Tomato,Bangalore,25,26,277,21,34.25
Onion,Chennai,31,29,200,24,29.1
Tomato,Hyderabad,27,19,221,24,36.15
Potato,Bangalore,29,10,230,10,19.5
Onion,Mumbai,26,28,212,39,51.8
Onion,Chennai,35,22,199,15,24.75
Tomato,Bangalore,27,12,247,18,32.15
Onion,Chennai,34,9,233,10,19.75
Potato,Hyderabad,30,7,206,20,27.6
Tomato,Bangalore,30,19,207,21,30.45
Potato,Mumbai,31,9,198,34,42.0
Tomato,Hyderabad,35,15,233,10,17.15
Potato,Delhi,34,9,288,19,37.5
Tomato,Chennai,30,14,290,37,54.1
Onion,Hyderabad,30,7,266,36,51.6
Onion,Hyderabad,30,11,201,13,25.95
Tomato,Mumbai,26,0,250,39,50.5
Tomato,Hyderabad,29,30,204,22,30.2
Onion,Mumbai,33,15,241,30,40.55
Potato,Bangalore,30,11,256,40,54.7
Tomato,Hyderabad,28,13,255,16,25.45
Potato,Bangalore,25,7,239,12,20.25
Potato,Hyderabad,34,7,276,24,38.1
Potato,Hyderabad,29,9,240,27,40.1
Onion,Bangalore,26,27,224,34,40.5
Potato,Delhi,35,30,291,25,38.55
Onion,Chennai,26,23,206,29,37.0
Tomato,Chennai,35,19,257,12,21.95
Onion,Hyderabad,33,5,240,20,30.5
Potato,Chennai,34,25,232,35,42.1
Potato,Mumbai,26,0,283,28,45.15
Onion,Bangalore,29,7,283,16,33.45
Tomato,Delhi,32,22,199,10,18.75
Potato,Chennai,33,4,182,26,36.7
Potato,Mumbai,35,14,274,36,49.3
Tomato,Chennai,26,6,201,27,40.45
Tomato,Chennai,31,11,265,14,29.15
Onion,Bangalore,29,2,263,18,29.95
Tomato,Chennai,33,27,183,24,33.45
Potato,Chennai,25,11,261,19,27.95
Potato,Mumbai,35,2,183,31,36.95
Tomato,Hyderabad,35,28,218,34,45.1
Potato,Chennai,35,14,258,32,41.5
Tomato,Chennai,26,5,283,21,33.65
Potato,Bangalore,25,30,253,12,22.65
Onion,Mumbai,30,13,236,21,29.5
Tomato,Mumbai,35,6,278,16,33.3
Potato,Delhi,34,6,184,31,37.6
Tomato,Bangalore,35,9,190,40,45.6
Tomato,Mumbai,30,23,197,22,32.55
Onion,Chennai,32,5,216,18,31.3
Potato,Hyderabad,32,24,259,14,24.55
Tomato,Mumbai,31,5,190,36,49.0
Onion,Bangalore,27,9,216,12,18.9
Tomato,Chennai,27,8,228,36,43.6
Onion,Bangalore,31,13,184,25,34.9
Onion,Delhi,25,24,278,32,40.5
Tomato,Delhi,30,6,248,24,39.8
Onion,Delhi,31,13,210,37,48.2
Tomato,Bangalore,28,11,241,18,30.95
Onion,Hyderabad,26,7,187,24,32.65
Tomato,Chennai,27,28,199,22,32.15
Onion,Bangalore,28,8,199,38,48.15
Onion,Hyderabad,26,9,269,10,21.55
Tomato,Chennai,34,13,183,18,30.85
Onion,Chennai,26,21,290,40,55.4
Onion,Mumbai,35,18,275,17,26.95
Potato,Chennai,32,11,232,15,30.5
Tomato,Delhi,31,16,184,30,37.6
Tomato,Mumbai,35,8,226,23,38.5
Potato,Mumbai,35,16,281,31,41.45
Onion,Bangalore,29,7,264,13,30.5
Onion,Bangalore,27,0,254,33,47.7
Potato,Mumbai,35,17,212,12,23.9
Tomato,Hyderabad,28,2,211,16,28.35
Potato,Mumbai,29,25,180,17,20.5
Potato,Delhi,25,20,211,16,23.55
Tomato,Delhi,32,2,289,35,52.25
Onion,Delhi,33,12,290,23,41.3
Potato,Mumbai,32,11,191,28,40.45
Onion,Hyderabad,31,12,245,31,40.05
Potato,Mumbai,33,22,202,21,26.9
Tomato,Bangalore,32,14,265,14,29.85
Tomato,Bangalore,33,10,262,32,42.1
Potato,Hyderabad,34,3,252,17,26.3
Tomato,Hyderabad,35,19,252,17,29.7
Tomato,Bangalore,30,0,299,19,30.95
Tomato,Mumbai,32,19,224,26,39.3
Potato,Mumbai,30,25,213,18,29.15
Onion,Mumbai,28,18,196,38,43.0
Tomato,Hyderabad,30,10,187,25,34.35
Potato,Bangalore,29,25,276,11,25.3
Onion,Hyderabad,25,19,219,15,21.05
Tomato,Chennai,27,1,245,23,36.15
Onion,Chennai,28,6,237,36,48.25
Tomato,Hyderabad,34,3,298,19,37.6
Potato,Delhi,28,27,195,36,41.05
Potato,Chennai,31,24,203,10,20.75
Onion,Hyderabad,26,13,265,11,22.95
Onion,Hyderabad,26,18,237,23,31.05
Onion,Bangalore,30,21,198,21,25.8
Potato,Hyderabad,32,5,209,18,28.95
Tomato,Hyderabad,29,7,299,40,55.25
Onion,Bangalore,30,26,275,25,40.15
Tomato,Bangalore,34,5,289,22,40.95
Onion,Mumbai,32,8,265,35,46.45
Tomato,Mumbai,33,24,216,18,30.4
Onion,Delhi,32,23,213,39,51.35
Potato,Hyderabad,35,26,184,40,48.6
Potato,Hyderabad,34,28,230,32,40.7
Tomato,Delhi,28,12,287,19,31.15
Potato,Chennai,30,14,276,10,20.4
Potato,Hyderabad,26,6,270,37,53.9
Onion,Mumbai,28,29,251,15,29.65
Potato,Delhi,32,12,192,31,42.4
Potato,Chennai,34,15,282,22,31.6
Onion,Hyderabad,27,27,263,14,22.45
Tomato,Mumbai,35,13,186,37,49.0
Tomato,Bangalore,33,30,236,22,32.8
Potato,Delhi,30,4,205,21,32.85
Onion,Chennai,32,26,284,15,28.6
Tomato,Bangalore,26,26,269,20,35.85
Tomato,Mumbai,34,13,225,12,24.95
Onion,Mumbai,32,19,282,31,43.2
Onion,Mumbai,32,8,205,40,48.45
Tomato,Bangalore,29,8,225,26,33.45
Tomato,Hyderabad,27,30,288,30,45.4
Potato,Delhi,31,7,224,24,38.5
Onion,Chennai,25,17,280,36,48.3
Potato,Chennai,29,11,255,36,48.65
Onion,Hyderabad,30,11,208,17,23.3
Onion,Mumbai,33,5,267,18,28.85
Onion,Hyderabad,35,16,281,26,39.45
Tomato,Bangalore,32,16,231,38,49.95
Potato,Chennai,35,14,224,29,35.8
Onion,Delhi,32,2,193,19,25.45
Potato,Hyderabad,30,2,264,23,34.0
Potato,Mumbai,28,23,218,12,24.6
Potato,Mumbai,27,23,228,11,21.1
Tomato,Mumbai,28,28,277,16,26.05
Potato,Mumbai,26,19,261,27,37.15
Onion,Hyderabad,31,16,252,14,28.0
Tomato,Bangalore,28,15,293,34,50.15
Potato,Chennai,30,29,183,13,16.25
Tomato,Mumbai,33,24,267,37,44.95
Onion,Hyderabad,29,0,296,28,39.8
Tomato,Delhi,26,3,242,11,27.8
Tomato,Chennai,33,19,206,11,19.4
Potato,Hyderabad,35,24,194,15,27.3
Potato,Hyderabad,31,10,264,25,40.2
Potato,Bangalore,27,21,248,28,41.3
Onion,Chennai,26,13,242,31,39.8
Tomato,Mumbai,25,1,261,28,44.95
Tomato,Chennai,30,3,261,23,39.75
Potato,Hyderabad,35,8,254,37,49.9
Tomato,Chennai,35,3,215,19,29.45
Onion,Chennai,34,15,194,30,37.2
Potato,Mumbai,29,15,243,23,36.65
Tomato,Mumbai,33,3,190,15,26.2
Tomato,Mumbai,29,10,286,23,36.3
Onion,Hyderabad,25,0,223,28,41.15
Onion,Bangalore,25,7,231,26,34.85
Potato,Hyderabad,27,13,273,35,48.35
Potato,Chennai,35,10,232,36,47.6
Tomato,Hyderabad,25,11,191,40,50.45
Onion,Mumbai,25,3,231,21,29.25
Tomato,Chennai,27,30,241,27,38.05
Onion,Mumbai,26,8,208,10,19.6
Onion,Mumbai,35,21,205,36,46.15
Potato,Delhi,30,18,249,16,30.65
Potato,Hyderabad,25,7,210,24,34.8
Onion,Mumbai,34,8,252,36,50.8
Tomato,Hyderabad,27,14,289,14,29.05
Potato,Bangalore,27,2,230,21,32.3
Tomato,Bangalore,28,12,230,10,23.3
Tomato,Mumbai,32,5,296,22,34.3
Onion,Hyderabad,27,20,219,23,36.95
Onion,Delhi,29,12,283,38,51.95
Potato,Chennai,26,6,256,31,42.2
Onion,Mumbai,28,27,248,29,35.7
Tomato,Mumbai,25,9,271,23,36.65
Onion,Chennai,31,5,291,21,34.05
Tomato,Mumbai,26,0,247,37,50.35
Tomato,Delhi,27,5,300,23,42.5
Tomato,Mumbai,31,6,282,24,34.5
Potato,Bangalore,32,24,263,26,35.75
Potato,Bangalore,27,25,253,32,40.15
Onion,Mumbai,25,18,275,10,21.95
Potato,Hyderabad,28,2,295,10,21.55
Potato,Mumbai,26,11,188,12,24.3
Onion,Bangalore,31,16,233,35,50.05
Potato,Delhi,29,2,220,22,35.8
Tomato,Mumbai,34,0,273,33,48.65
Potato,Chennai,28,22,195,38,46.55
Onion,Bangalore,26,0,281,31,46.05
Potato,Hyderabad,33,19,293,30,45.75
Tomato,Delhi,33,15,209,35,42.95
Onion,Delhi,30,4,232,16,32.2
Potato,Chennai,34,24,244,36,45.8
Tomato,Delhi,28,4,183,34,47.75
Potato,Mumbai,34,5,181,15,21.55
Onion,Hyderabad,29,24,201,17,23.65
Tomato,Bangalore,26,4,243,25,41.75
Potato,Delhi,26,10,185,25,32.25
Potato,Delhi,32,4,256,22,34.4
Potato,Bangalore,34,25,272,28,36.1
Potato,Chennai,30,10,259,30,39.95
Onion,Hyderabad,35,13,289,36,53.15
Potato,Chennai,25,2,258,16,29.7
Tomato,Delhi,30,14,250,29,45.1
Tomato,Bangalore,26,8,182,33,40.3
Tomato,Hyderabad,32,14,285,15,32.85
Onion,Bangalore,34,21,228,19,28.3
Tomato,Hyderabad,32,16,282,34,45.5
Potato,Delhi,34,26,206,15,25.7
Tomato,Mumbai,32,24,180,25,31.6
Onion,Delhi,26,24,257,39,54.45
Onion,Hyderabad,34,2,197,19,28.65
Onion,Chennai,35,20,230,35,44.5
Tomato,Delhi,25,22,264,28,38.0
Onion,Delhi,31,30,285,13,21.25
Potato,Mumbai,26,18,207,34,47.55
Onion,Mumbai,33,2,184,15,22.0
Onion,Chennai,32,15,192,26,38.1
Tomato,Bangalore,35,2,277,14,26.65
Potato,Bangalore,32,9,287,16,27.45
Tomato,Chennai,30,2,196,27,41.6
Tomato,Bangalore,31,16,229,17,26.85
Tomato,Delhi,35,4,226,20,33.9
Onion,Delhi,28,22,251,23,32.35
Onion,Chennai,26,23,289,23,32.15
Tomato,Bangalore,32,30,191,11,17.55
Tomato,Chennai,29,0,181,24,32.05
Potato,Delhi,28,11,229,14,26.35
Onion,Hyderabad,35,8,240,11,22.2
Onion,Delhi,33,23,287,28,43.05
Onion,Bangalore,33,8,235,33,47.95
Tomato,Chennai,27,22,220,31,38.8
Onion,Hyderabad,33,18,246,20,30.5
Potato,Chennai,25,22,234,20,34.5
Potato,Chennai,29,19,203,33,42.25
Onion,Bangalore,33,30,251,17,28.55
Onion,Delhi,34,24,299,15,29.55
Onion,Bangalore,28,27,206,37,41.6
Potato,Hyderabad,34,19,280,35,50.1
Potato,Chennai,33,21,200,11,22.9
Onion,Hyderabad,25,14,206,36,47.9
Potato,Delhi,33,9,248,17,30.5
Potato,Chennai,27,9,264,37,47.3
Onion,Mumbai,34,21,247,22,31.25
Potato,Bangalore,25,21,286,34,47.2
Tomato,Bangalore,26,10,293,29,44.65
Onion,Hyderabad,27,14,243,11,26.75
Potato,Delhi,26,25,292,26,35.1
Onion,Delhi,32,26,271,26,36.95
Tomato,Delhi,27,8,275,19,31.95
Potato,Bangalore,33,23,259,17,31.65
Onion,Delhi,29,7,246,31,43.6
Tomato,Bangalore,32,28,219,23,28.15
Tomato,Hyderabad,25,27,216,12,20.1
Potato,Mumbai,34,23,196,28,34.5
Onion,Bangalore,32,12,293,23,40.45
Tomato,Hyderabad,26,27,289,40,54.75
Tomato,Chennai,28,19,222,32,40.2
Tomato,Bangalore,25,28,226,35,43.5
Onion,Mumbai,31,24,185,39,48.85
Onion,Mumbai,35,19,195,11,22.85
Onion,Delhi,25,20,262,39,47.1
Potato,Chennai,30,21,274,16,31.6
Tomato,Chennai,33,25,235,36,43.25
Tomato,Hyderabad,25,10,184,11,24.2
Onion,Hyderabad,30,11,242,13,23.0
Onion,Bangalore,35,0,281,30,48.05
Potato,Hyderabad,25,24,290,11,24.1
Tomato,Bangalore,27,7,286,13,28.6
Onion,Bangalore,35,10,211,25,36.55
Potato,Bangalore,35,28,272,25,32.8
Tomato,Delhi,29,13,188,37,42.1
Onion,Hyderabad,34,6,249,19,27.85
Tomato,Delhi,32,10,247,39,55.35
Tomato,Hyderabad,25,22,239,38,45.75
Tomato,Bangalore,33,4,197,28,41.45
Tomato,Hyderabad,33,12,299,33,48.75
Potato,Chennai,33,14,218,31,44.5
Potato,Delhi,25,27,263,33,48.45
Onion,Mumbai,31,25,242,26,34.6
Potato,Bangalore,26,13,222,36,45.8
Potato,Hyderabad,29,10,284,15,30.2
Potato,Delhi,28,19,218,19,32.0
Tomato,Mumbai,33,22,265,38,53.05
Tomato,Chennai,35,2,186,18,26.1
Onion,Hyderabad,34,26,187,14,20.75
Tomato,Bangalore,31,7,245,23,37.55
Onion,Bangalore,29,22,284,29,45.0
Potato,Delhi,29,2,197,35,46.65
Potato,Bangalore,26,13,228,36,46.1
Potato,Delhi,35,15,199,39,46.45
Potato,Bangalore,27,29,279,30,39.05
Onion,Hyderabad,35,26,270,39,54.9
Onion,Hyderabad,34,17,216,20,32.1
Onion,Mumbai,35,6,237,20,35.25
Potato,Mumbai,33,30,271,22,37.55
Tomato,Mumbai,29,20,228,25,34.4
Onion,Chennai,26,21,273,37,53.55
Onion,Hyderabad,26,23,275,31,39.45
Onion,Chennai,27,26,214,23,33.1
Potato,Chennai,26,18,272,29,38.8
Onion,Mumbai,29,29,236,22,31.9
Tomato,Mumbai,31,3,257,32,43.55
Tomato,Mumbai,31,9,190,15,23.6
Potato,Hyderabad,32,29,263,37,44.25
Potato,Delhi,28,9,182,18,23.2
Tomato,Delhi,27,28,225,23,35.45
Potato,Hyderabad,34,21,272,32,48.5
Potato,Hyderabad,29,27,279,19,35.25
Potato,Hyderabad,32,14,223,13,19.75
Potato,Hyderabad,30,9,299,22,35.05
Potato,Bangalore,25,26,184,23,33.6
Potato,Delhi,30,0,268,33,47.4
Potato,Delhi,30,13,266,30,40.0
Tomato,Bangalore,26,30,205,38,46.25
Tomato,Bangalore,27,30,193,10,18.65
Tomato,Delhi,29,23,195,31,43.45
Tomato,Hyderabad,27,25,280,33,43.5
Potato,Mumbai,26,2,298,15,28.7
Potato,Hyderabad,33,25,256,28,36.3
Tomato,Mumbai,33,23,268,32,43.1
Potato,Bangalore,26,23,272,31,44.3
Tomato,Bangalore,26,14,218,17,31.5
Onion,Mumbai,28,14,290,29,45.1
Tomato,Bangalore,31,1,196,38,46.7
Tomato,Bangalore,25,10,202,16,23.1
Potato,Hyderabad,25,17,190,29,35.8
Onion,Hyderabad,35,14,222,35,44.7
Tomato,Chennai,33,25,207,26,33.85
Onion,Mumbai,35,16,182,20,24.5
Potato,Hyderabad,27,0,228,12,25.4
Potato,Bangalore,35,16,203,15,20.55
Potato,Delhi,34,10,231,12,20.55
Onion,Delhi,28,28,218,31,40.1
Potato,Delhi,34,15,263,19,27.65
Tomato,Bangalore,29,24,248,12,23.0
Onion,Bangalore,26,30,202,28,36.1
Onion,Hyderabad,34,15,273,11,21.15
Tomato,Bangalore,31,19,188,19,30.5
Tomato,Chennai,26,20,222,34,44.1
Tomato,Bangalore,29,27,274,14,27.0
Onion,Mumbai,25,16,299,19,31.35
Tomato,Mumbai,33,4,287,33,47.95
Onion,Bangalore,32,1,247,15,32.25
Onion,Mumbai,35,8,278,30,44.1
Potato,Hyderabad,35,23,243,15,26.85
Potato,Delhi,35,12,280,35,48.8
Onion,Chennai,31,7,282,25,40.4
Potato,Chennai,32,11,262,39,54.0
Potato,Bangalore,34,11,202,39,52.0
Onion,Mumbai,28,28,196,18,22.0
Onion,Mumbai,31,3,211,29,38.25
Potato,Mumbai,25,24,188,36,41.0
Potato,Mumbai,32,12,241,40,53.85
Onion,Delhi,29,25,227,21,30.85
Onion,Hyderabad,29,1,288,29,45.3
Potato,Hyderabad,29,27,207,25,33.65
Onion,Hyderabad,35,28,272,21,29.8
Tomato,Mumbai,35,1,263,30,40.05
Onion,Hyderabad,32,7,204,32,40.5
Onion,Chennai,29,30,254,34,44.7
Onion,Delhi,30,29,233,22,34.75
Potato,Chennai,32,24,181,34,41.65
Onion,Delhi,26,28,216,26,31.0
Potato,Delhi,35,15,253,26,40.15
Onion,Bangalore,26,0,210,14,23.5
Onion,Delhi,33,6,273,40,53.05
Tomato,Delhi,26,21,220,10,15.9
Potato,Mumbai,35,2,240,28,36.8
Tomato,Hyderabad,34,18,263,16,28.35
Onion,Mumbai,27,4,268,31,48.0
Onion,Delhi,35,23,229,40,46.15
Potato,Bangalore,31,17,228,30,42.7
Onion,Mumbai,33,30,187,33,38.35
Tomato,Chennai,32,24,223,26,33.75
Onion,Delhi,26,0,294,28,46.7
Onion,Mumbai,27,10,198,32,41.9
Onion,Mumbai,34,7,233,33,46.95
Potato,Hyderabad,27,14,245,40,48.85
Potato,Bangalore,29,21,187,30,41.25
Potato,Delhi,33,28,271,36,46.75
Onion,Mumbai,34,15,276,13,25.3
Tomato,Hyderabad,34,26,192,19,31.0
Onion,Hyderabad,32,10,213,16,28.65
Onion,Delhi,35,16,275,33,46.15
Potato,Mumbai,25,3,265,30,45.95
Potato,Delhi,30,24,273,37,48.25
Potato,Delhi,29,8,274,27,42.9
Potato,Chennai,35,28,246,19,25.5
Onion,Hyderabad,31,26,260,39,49.4
Potato,Chennai,31,28,218,28,36.1
Onion,Hyderabad,30,2,244,14,29.0
Potato,Bangalore,32,5,205,29,39.75
Potato,Bangalore,28,27,235,18,31.05
Onion,Mumbai,35,2,195,38,47.55
Tomato,Hyderabad,25,25,259,36,45.45
Tomato,Bangalore,30,21,259,14,23.85
Tomato,Mumbai,34,22,285,33,50.05
Onion,Mumbai,29,29,290,16,24.6
Potato,Chennai,33,4,267,36,53.95
Potato,Chennai,30,18,236,14,28.0
Onion,Delhi,33,4,197,11,22.45
Onion,Chennai,31,0,287,39,52.35
Onion,Bangalore,33,7,199,19,25.25
Potato,Bangalore,25,11,218,12,25.8
Onion,Hyderabad,31,8,199,26,36.15
Tomato,Hyderabad,28,4,283,17,35.75
Onion,Hyderabad,25,6,248,24,40.8
Onion,Hyderabad,34,23,273,38,52.35
Tomato,Hyderabad,27,20,291,12,25.55
Potato,Delhi,25,1,186,28,37.2
Tomato,Mumbai,27,3,202,26,33.8
Potato,Bangalore,25,20,187,38,47.35
Onion,Delhi,32,29,298,36,47.0
Potato,Delhi,29,18,191,19,26.75
Onion,Hyderabad,28,8,192,23,31.8
Tomato,Mumbai,28,16,236,38,50.2
Potato,Bangalore,34,2,190,26,39.3
Potato,Hyderabad,27,7,245,11,20.55
Potato,Bangalore,25,26,241,23,30.45
Tomato,Delhi,25,5,225,20,35.75
Tomato,Chennai,30,29,257,11,24.95
Potato,Hyderabad,31,5,267,16,29.85
Onion,Hyderabad,32,4,238,15,25.5
Onion,Bangalore,30,6,258,22,38.3
Potato,Chennai,29,28,191,15,18.75
Potato,Chennai,30,1,260,31,47.9
Potato,Delhi,30,13,216,34,44.5
Onion,Bangalore,31,20,268,11,22.4
Tomato,Mumbai,35,4,289,17,35.05
Onion,Mumbai,31,14,226,39,49.9
Tomato,Chennai,35,30,279,32,47.95
Tomato,Bangalore,28,19,243,10,22.25
Onion,Mumbai,34,6,180,16,23.4
Tomato,Chennai,31,30,199,17,22.95
Onion,Chennai,28,17,285,25,35.55
Onion,Chennai,30,10,271,38,47.55
Onion,Mumbai,33,20,282,37,50.1
Potato,Chennai,30,0,209,40,47.45
Tomato,Bangalore,35,20,184,18,27.2
Potato,Hyderabad,29,19,208,18,27.5
Tomato,Delhi,30,0,265,29,41.25
Potato,Delhi,27,18,206,17,30.5
Onion,Chennai,25,14,254,24,34.3
Onion,Chennai,33,12,270,33,49.3
Potato,Chennai,25,28,236,18,24.0
Tomato,Mumbai,31,18,222,25,36.3
Potato,Delhi,28,12,274,14,23.5
Potato,Hyderabad,30,12,279,24,39.75
Tomato,Bangalore,28,21,295,24,41.65
Potato,Hyderabad,34,2,273,34,46.45
Tomato,Delhi,27,16,185,22,33.65
Tomato,Mumbai,35,29,184,15,24.3
Onion,Delhi,34,30,191,34,43.55
Tomato,Delhi,29,21,196,29,34.7
Potato,Chennai,25,5,187,24,34.85
Onion,Hyderabad,26,28,257,11,23.05
Tomato,Chennai,32,25,194,29,34.2
Potato,Mumbai,34,29,294,25,33.8
Onion,Mumbai,32,27,284,13,27.5
Potato,Delhi,25,12,277,14,28.65
Potato,Mumbai,29,29,258,25,40.0
Potato,Mumbai,30,22,207,33,41.15
Tomato,Delhi,26,28,214,10,20.9
Tomato,Bangalore,31,3,201,29,35.75
Tomato,Bangalore,27,3,222,21,28.8
Potato,Bangalore,27,11,257,24,36.75
Potato,Hyderabad,27,2,286,22,35.1
Onion,Mumbai,30,27,273,36,50.95
Onion,Mumbai,27,26,250,14,28.9
Tomato,Hyderabad,30,29,279,38,51.05
Onion,Delhi,25,1,220,31,40.9
Tomato,Mumbai,30,8,253,23,33.85
Potato,Chennai,34,9,200,11,17.1
Onion,Mumbai,26,20,296,21,31.8
Potato,Chennai,31,8,300,24,41.2
Tomato,Delhi,30,29,235,11,20.85
Potato,Mumbai,28,20,261,38,47.05
Onion,Delhi,33,27,260,22,30.3
Tomato,Chennai,33,16,233,23,35.05
Potato,Chennai,31,8,222,33,40.3
Potato,Hyderabad,30,10,284,12,26.2
Tomato,Mumbai,32,6,253,26,40.05
Onion,Hyderabad,33,5,245,35,49.75
Tomato,Bangalore,26,28,267,31,44.55
Tomato,Hyderabad,28,27,264,13,27.5
Onion,Bangalore,32,0,228,31,43.4
Onion,Bangalore,29,26,192,16,25.0
Potato,Chennai,30,18,232,12,21.8
Potato,Delhi,31,22,198,23,35.7
Onion,Hyderabad,34,7,300,23,42.3
Potato,Delhi,25,11,262,38,55.0
Tomato,Hyderabad,27,29,268,13,28.5
Onion,Mumbai,27,11,299,35,53.85
Tomato,Chennai,27,10,236,23,38.8
Tomato,Hyderabad,34,5,188,18,31.9
Potato,Hyderabad,31,6,236,34,48.2
Potato,Delhi,29,2,200,24,34.8
Tomato,Bangalore,31,3,220,21,35.7
Potato,Chennai,35,0,258,30,43.9
Tomato,Mumbai,28,14,187,28,36.95
Potato,Chennai,33,12,275,20,31.55
Potato,Hyderabad,28,4,189,16,26.05
Onion,Bangalore,27,9,268,17,26.5
Tomato,Mumbai,33,13,268,11,25.1
Tomato,Mumbai,32,5,254,40,49.2
Onion,Hyderabad,25,15,193,23,29.15
Tomato,Bangalore,29,29,242,15,29.2
Potato,Chennai,28,3,288,18,33.1
Tomato,Hyderabad,30,20,284,16,25.2
Potato,Delhi,32,12,240,10,24.8
Onion,Mumbai,26,17,263,29,45.45
Onion,Delhi,25,15,225,27,33.75
Tomato,Bangalore,26,10,235,11,24.75
Tomato,Bangalore,35,3,222,34,49.8
Tomato,Delhi,25,26,206,12,21.7
Potato,Chennai,34,8,252,18,30.8
Tomato,Chennai,31,9,270,32,46.6
Tomato,Mumbai,26,0,289,11,25.45
Tomato,Mumbai,26,14,267,33,43.95
Potato,Hyderabad,29,29,233,17,29.75
Potato,Hyderabad,25,30,242,31,39.1
Onion,Delhi,26,9,189,30,41.55
Tomato,Mumbai,35,23,274,10,24.4
Potato,Mumbai,30,11,228,34,43.3
Tomato,Chennai,35,3,226,15,28.0
Onion,Bangalore,27,11,218,38,44.8
Onion,Chennai,28,10,288,25,39.4
Onion,Mumbai,28,21,209,36,41.35
Tomato,Bangalore,26,23,244,33,46.9
Tomato,Mumbai,32,5,289,16,29.95
Potato,Chennai,30,27,232,12,24.9
Potato,Chennai,29,17,281,26,39.35
Potato,Mumbai,30,19,250,25,39.6
Potato,Mumbai,28,6,276,10,25.2
Tomato,Hyderabad,30,29,199,31,41.05
Tomato,Delhi,28,23,208,16,21.1
Tomato,Mumbai,25,14,246,14,27.9
Onion,Delhi,32,1,230,13,24.4
Potato,Bangalore,31,24,208,26,39.0
Tomato,Chennai,25,15,194,40,53.2
Tomato,Mumbai,26,24,234,27,41.3
Tomato,Hyderabad,35,9,210,21,27.6
Potato,Hyderabad,35,10,288,10,24.4
Onion,Bangalore,27,2,220,10,24.8
Tomato,Hyderabad,34,29,184,33,39.3
Potato,Hyderabad,31,9,203,38,50.25
Potato,Chennai,28,20,251,30,43.55
Onion,Hyderabad,30,23,233,35,47.35
Potato,Delhi,29,13,228,10,25.1
Tomato,Mumbai,25,3,261,24,38.75
Onion,Chennai,35,6,180,19,30.4
Potato,Delhi,28,9,199,30,40.05
Potato,Delhi,29,6,191,37,48.95
Potato,Bangalore,25,13,299,19,32.65
Onion,Bangalore,27,22,191,11,22.35
Potato,Mumbai,26,8,260,24,36.2
Potato,Delhi,26,6,261,23,38.45
Onion,Mumbai,28,29,230,29,38.6
Potato,Mumbai,32,22,291,22,31.35
Onion,Delhi,33,24,231,37,48.15
Potato,Mumbai,30,14,190,10,16.1
Potato,Bangalore,28,7,239,34,48.25
Tomato,Chennai,34,20,234,11,17.7
Tomato,Bangalore,25,21,211,32,44.45
Onion,Chennai,35,1,272,34,48.5
Tomato,Chennai,29,19,255,22,35.85
Tomato,Chennai,25,23,274,10,20.4
Tomato,Bangalore,25,25,235,23,35.25
Potato,Chennai,32,28,231,36,42.75
Potato,Hyderabad,26,17,268,13,21.7
Tomato,Mumbai,29,27,225,21,30.55
Onion,Bangalore,30,18,214,20,30.9
Potato,Hyderabad,32,7,224,35,45.5
Onion,Hyderabad,28,16,246,23,36.7
Onion,Delhi,35,12,203,24,36.95
Onion,Mumbai,35,19,210,31,40.6
Potato,Mumbai,32,15,187,28,32.85
Onion,Chennai,25,25,227,12,19.85
Potato,Mumbai,32,5,214,27,36.2
Potato,Chennai,34,20,188,23,33.4
Potato,Bangalore,33,29,254,35,49.8
Potato,Delhi,35,8,187,21,27.55
Onion,Mumbai,27,26,261,33,40.45
Potato,Mumbai,35,2,217,10,22.65
Potato,Mumbai,32,27,296,33,48.1
Potato,Bangalore,29,8,220,22,31.2
Tomato,Delhi,32,29,253,20,31.75
Potato,Bangalore,33,16,261,13,24.45
Potato,Hyderabad,33,0,199,20,26.95
Potato,Chennai,35,14,253,24,34.25
Potato,Chennai,26,23,198,13,23.6
Onion,Hyderabad,27,10,280,19,36.0
Tomato,Bangalore,25,23,288,21,33.1
Tomato,Mumbai,28,0,194,13,27.7
Potato,Hyderabad,34,14,288,18,30.0
Onion,Delhi,29,7,224,35,48.5
Potato,Delhi,25,0,278,27,40.9
Onion,Delhi,30,24,267,22,32.95
Onion,Bangalore,35,23,287,27,39.05
Onion,Hyderabad,34,0,209,28,43.45
Onion,Bangalore,32,9,272,17,28.7
Tomato,Hyderabad,30,23,284,37,46.9
Tomato,Chennai,27,11,246,27,37.2
Tomato,Bangalore,26,24,247,36,47.95
Potato,Delhi,26,25,272,25,38.1
Potato,Chennai,34,4,211,15,28.15
Tomato,Chennai,28,6,187,22,27.75
Potato,Delhi,25,26,293,33,44.05
Potato,Bangalore,31,14,247,18,32.95
Onion,Mumbai,29,8,244,29,45.4
Potato,Mumbai,25,21,224,26,39.1
Potato,Delhi,29,16,279,38,54.35
Onion,Mumbai,26,24,288,29,44.0
Potato,Hyderabad,26,1,274,16,30.6
Potato,Mumbai,26,2,285,16,30.05
Tomato,Mumbai,35,18,277,30,45.05
Onion,Mumbai,31,29,192,21,29.7
Potato,Delhi,35,22,221,34,44.85
Potato,Hyderabad,30,15,272,39,52.1
Onion,Chennai,34,1,186,35,44.2
Onion,Hyderabad,25,10,244,23,33.2
Onion,Delhi,26,17,280,34,47.3
Tomato,Chennai,35,27,199,38,50.25
Tomato,Delhi,26,24,208,36,41.0
Tomato,Chennai,35,13,195,25,35.45
Onion,Hyderabad,33,4,226,24,34.9
Onion,Mumbai,30,2,234,21,34.5
Onion,Mumbai,32,14,241,13,23.65
Potato,Hyderabad,29,12,275,28,40.55
Onion,Delhi,29,29,236,26,38.9
Tomato,Delhi,27,20,209,22,27.45
Onion,Mumbai,29,12,291,39,52.35
Tomato,Hyderabad,26,2,246,24,37.1
Potato,Hyderabad,34,19,274,15,28.8
Onion,Bangalore,25,24,274,18,26.3
Onion,Bangalore,35,10,212,17,25.6
Potato,Bangalore,28,26,273,28,40.05
Potato,Chennai,30,15,215,22,32.25
Tomato,Delhi,32,11,254,13,25.6
Potato,Delhi,34,1,232,37,49.5
Tomato,Bangalore,29,21,188,13,21.3
Tomato,Hyderabad,28,27,271,39,48.85
Tomato,Mumbai,34,14,228,20,34.0
Potato,Chennai,34,23,266,14,23.0
Tomato,Chennai,33,0,253,34,50.65
Onion,Hyderabad,26,29,242,25,37.2
Potato,Delhi,27,22,222,36,43.9
Tomato,Mumbai,33,24,229,25,31.05
Onion,Mumbai,28,11,247,34,49.25
Potato,Hyderabad,30,26,219,15,25.35
Onion,Delhi,25,26,217,24,36.25
Tomato,Delhi,32,19,237,30,43.95
Onion,Hyderabad,29,30,212,28,32.6
Potato,Delhi,26,23,213,28,40.35
Onion,Mumbai,33,8,251,16,26.75
Potato,Delhi,27,1,235,23,37.65
Onion,Hyderabad,31,7,226,35,43.6
Onion,Bangalore,28,6,246,16,31.7
Onion,Chennai,31,0,277,39,53.85
Potato,Hyderabad,29,4,260,29,43.6
Onion,Chennai,30,1,219,13,26.85
Onion,Mumbai,33,7,246,31,47.6
Potato,Hyderabad,31,28,227,25,36.55
Tomato,Hyderabad,25,25,192,39,47.1
Potato,Mumbai,25,20,236,19,28.8
Tomato,Hyderabad,30,21,248,21,28.3
Potato,Delhi,30,10,277,17,31.85
Onion,Delhi,34,4,252,19,31.2
Onion,Delhi,32,15,184,36,47.7
Potato,Hyderabad,35,26,228,12,23.8
Tomato,Bangalore,33,15,181,40,49.55
Potato,Chennai,30,27,200,29,36.3
Tomato,Hyderabad,28,18,258,38,47.1
Onion,Bangalore,30,27,217,15,27.15
Tomato,Chennai,27,26,261,26,35.45
Potato,Hyderabad,25,16,199,31,38.35
Onion,Mumbai,34,4,207,28,38.95
Tomato,Delhi,30,1,213,40,51.55
Potato,Mumbai,32,14,186,30,38.9
Onion,Hyderabad,29,1,266,25,37.2
Tomato,Hyderabad,35,13,232,15,27.3
Onion,Hyderabad,26,21,259,21,28.85
Tomato,Delhi,34,17,223,24,35.45
Onion,Mumbai,35,4,207,39,51.95
Tomato,Chennai,33,10,296,36,52.8
Potato,Bangalore,30,6,298,10,24.3
Potato,Mumbai,30,10,232,12,25.6
Potato,Mumbai,28,16,198,29,36.3
Potato,Delhi,27,14,205,10,20.85
Potato,Hyderabad,29,7,239,22,31.25
Onion,Hyderabad,34,21,203,15,21.05
Tomato,Mumbai,27,2,256,34,45.6
Onion,Chennai,35,4,276,39,50.4
Onion,Delhi,25,1,199,22,32.85
Potato,Hyderabad,35,19,235,10,23.85
Potato,Mumbai,30,5,187,20,25.85
Tomato,Delhi,35,0,253,31,43.65
Tomato,Bangalore,34,13,192,28,37.3
Onion,Mumbai,35,6,236,10,23.2
Tomato,Delhi,33,1,222,19,31.0
Onion,Delhi,25,25,201,22,26.55
Tomato,Delhi,26,18,275,13,22.95
Onion,Delhi,34,29,300,27,40.1
Tomato,Mumbai,30,23,259,40,53.65
Onion,Mumbai,35,20,229,25,34.45
Potato,Mumbai,32,6,205,39,53.65
Potato,Hyderabad,30,6,238,35,47.3
Tomato,Hyderabad,32,12,296,30,45.6
Potato,Chennai,26,26,216,35,43.2
Onion,Bangalore,29,3,214,28,40.4
Tomato,Hyderabad,32,18,194,26,38.9
Potato,Bangalore,29,12,248,21,31.2
Onion,Mumbai,28,12,299,38,51.75
Onion,Delhi,28,29,292,20,32.7
Onion,Bangalore,28,4,218,38,48.5
Potato,Mumbai,33,14,231,23,32.15
Onion,Hyderabad,29,28,206,31,40.5
Tomato,Chennai,28,23,255,31,45.45
Potato,Mumbai,28,24,269,23,35.05
Potato,Delhi,27,14,294,18,28.3
Onion,Hyderabad,34,13,240,31,40.7
Tomato,Delhi,35,27,263,11,24.45
Potato,Bangalore,30,29,286,28,43.4
Potato,Delhi,35,8,246,12,23.5
Tomato,Bangalore,30,0,194,21,34.7
Onion,Chennai,26,27,224,12,23.5
Onion,Mumbai,32,30,232,11,18.6
Tomato,Chennai,30,3,235,21,31.45
Tomato,Mumbai,31,0,283,18,34.15
Potato,Hyderabad,30,23,189,24,32.15
Onion,Delhi,31,9,223,17,29.25
Onion,Chennai,30,21,298,35,46.8
Potato,Delhi,30,9,205,10,20.35
Onion,Hyderabad,25,28,216,38,48.0
Tomato,Bangalore,28,5,256,40,53.3
Tomato,Mumbai,29,24,189,19,28.05
Onion,Bangalore,29,20,227,22,30.35
Potato,Delhi,28,30,248,13,22.4
Potato,Chennai,28,28,287,26,37.55
Tomato,Mumbai,29,26,284,37,51.6
Tomato,Bangalore,27,3,228,22,30.1
Onion,Hyderabad,32,15,255,24,35.25
Tomato,Hyderabad,30,15,221,35,47.55
Potato,Mumbai,27,6,282,10,25.5
Onion,Mumbai,34,1,213,29,44.55
Potato,Delhi,32,26,251,21,33.95
Onion,Hyderabad,32,6,294,23,41.1
Onion,Bangalore,35,20,197,21,31.85
Onion,Mumbai,33,8,292,15,25.8
Onion,Chennai,32,17,298,25,35.2
Onion,Chennai,35,24,247,16,24.95
Onion,Hyderabad,25,22,281,19,33.85
Onion,Bangalore,33,15,258,21,29.4
Tomato,Mumbai,30,24,231,23,33.15
Onion,Chennai,25,0,264,21,31.2
Onion,Delhi,32,1,212,39,46.5
Onion,Chennai,35,23,224,15,23.9
Tomato,Mumbai,30,11,262,29,43.0
Tomato,Chennai,32,16,257,23,31.25
Potato,Delhi,34,30,208,24,36.4
Potato,Bangalore,35,22,214,32,45.5
Potato,Bangalore,30,29,228,15,21.5
Potato,Chennai,32,10,201,17,24.05
Onion,Chennai,28,13,183,13,22.85
Tomato,Delhi,29,7,298,37,52.2
Onion,Chennai,27,16,255,25,33.15
Onion,Mumbai,26,7,289,15,30.75
Tomato,Delhi,29,13,207,25,36.05
Onion,Bangalore,28,30,249,37,44.45
Potato,Delhi,32,22,183,19,29.95
Potato,Bangalore,27,21,279,19,29.85
Tomato,Chennai,34,28,180,10,19.2
Potato,Mumbai,26,11,236,20,32.7
Tomato,Mumbai,33,14,183,28,36.75
Potato,Hyderabad,31,9,196,12,21.9
Potato,Delhi,26,24,269,23,31.05
Tomato,Hyderabad,31,3,206,30,38.0
Tomato,Delhi,32,5,233,11,27.15
Onion,Hyderabad,31,11,249,31,47.35
Tomato,Hyderabad,34,25,235,29,42.25
Onion,Chennai,28,16,286,26,37.7
Tomato,Hyderabad,29,2,266,35,52.1
Potato,Delhi,31,8,271,31,45.75
Onion,Chennai,35,16,211,12,17.95
Tomato,Hyderabad,34,21,219,12,20.85
Tomato,Mumbai,35,30,230,14,24.5
Onion,Bangalore,35,29,271,29,42.65
Tomato,Mumbai,26,25,251,34,41.05
Tomato,Bangalore,25,24,254,31,45.3
Potato,Delhi,26,5,296,17,30.3
Potato,Mumbai,34,13,208,13,23.1
Potato,Chennai,34,8,187,12,23.55
Potato,Chennai,27,6,195,11,24.15
Potato,Bangalore,26,17,284,17,28.5
Potato,Mumbai,28,26,213,33,41.05
Onion,Bangalore,32,16,275,20,34.15
Potato,Bangalore,30,21,298,17,34.8
Potato,Chennai,34,24,279,17,26.55
Tomato,Bangalore,27,18,216,16,28.0
Potato,Hyderabad,33,24,224,12,22.8
Potato,Chennai,32,15,278,14,23.4
Tomato,Mumbai,31,9,242,33,41.2
Onion,Mumbai,29,3,216,31,44.5
Tomato,Delhi,34,21,299,20,34.85
Potato,Delhi,29,8,285,40,55.45
Onion,Chennai,25,13,203,12,19.85
Tomato,Delhi,31,16,197,39,48.25
Onion,Chennai,27,0,241,23,37.05
Potato,Delhi,34,3,283,17,30.85
Onion,Hyderabad,32,0,243,29,45.15
Tomato,Mumbai,34,1,218,22,31.8
Tomato,Hyderabad,33,0,205,35,50.25
Tomato,Delhi,26,23,278,23,33.6
Onion,Delhi,31,21,260,23,36.9
Tomato,Mumbai,31,30,252,25,38.6
Onion,Chennai,35,15,231,36,47.05
Potato,Delhi,32,27,268,10,21.7
Potato,Chennai,31,29,210,19,23.6
Onion,Chennai,33,23,254,19,26.4
Potato,Delhi,30,5,206,39,49.8
Potato,Mumbai,25,19,293,26,35.75
Onion,Delhi,28,7,285,13,29.55
Onion,Bangalore,27,10,286,40,56.3
Onion,Chennai,28,0,286,11,24.3
Tomato,Bangalore,26,25,266,38,48.8
Tomato,Chennai,31,18,230,38,48.7
Potato,Hyderabad,31,23,234,12,18.4
Potato,Hyderabad,35,18,224,22,29.4
Onion,Chennai,31,10,253,22,32.65
Potato,Hyderabad,30,30,242,32,38.1
Tomato,Chennai,30,28,194,33,37.9
Onion,Delhi,28,19,290,27,39.6
Onion,Hyderabad,33,21,295,18,35.65
Onion,Delhi,30,3,272,22,39.3
Onion,Hyderabad,25,1,207,26,33.25
Tomato,Delhi,33,6,291,29,44.95
Onion,Mumbai,26,5,274,30,44.2
Onion,Mumbai,34,14,234,40,52.3
Onion,Chennai,25,28,198,38,50.1
Onion,Delhi,32,10,211,34,44.55
Tomato,Delhi,32,1,264,28,41.1
Onion,Bangalore,34,28,229,26,31.65
Onion,Chennai,30,20,270,30,43.5
Tomato,Hyderabad,29,11,261,15,27.95
Potato,Delhi,32,6,204,32,45.6
Potato,Bangalore,33,20,240,11,20.0
Potato,Mumbai,27,30,196,34,44.8
Onion,Delhi,34,21,191,21,30.45
Onion,Hyderabad,27,25,214,17,27.2
Onion,Chennai,30,20,282,21,38.1
Tomato,Hyderabad,25,24,293,16,28.25
Onion,Bangalore,25,20,227,39,46.35
Onion,Hyderabad,28,24,226,39,45.9
Tomato,Chennai,27,4,266,23,36.9
Potato,Bangalore,35,0,270,11,28.5
Tomato,Hyderabad,32,2,281,17,27.85
Potato,Delhi,33,18,224,32,42.4
Onion,Hyderabad,34,1,182,11,19.0
Potato,Bangalore,30,10,233,37,51.65
Potato,Bangalore,33,26,300,34,51.4
Potato,Hyderabad,35,24,277,40,54.45
Potato,Mumbai,25,27,194,27,34.0
Potato,Bangalore,31,4,270,10,23.1
Tomato,Hyderabad,33,6,191,19,32.95
Onion,Mumbai,29,12,248,40,55.2
Tomato,Chennai,32,18,292,32,46.8
Onion,Bangalore,31,27,232,16,28.9
Potato,Mumbai,28,27,255,27,38.05
Tomato,Bangalore,34,19,185,24,30.35
Potato,Mumbai,29,3,182,33,43.8
Potato,Delhi,34,24,196,38,50.4
Onion,Bangalore,31,14,265,26,39.85
Onion,Hyderabad,35,2,270,12,30.3
Potato,Delhi,32,16,187,18,28.75
Tomato,Chennai,27,10,246,23,37.3
Potato,Hyderabad,32,24,242,11,19.7
Tomato,Mumbai,33,0,206,30,38.3
Onion,Delhi,31,29,288,28,36.5
Tomato,Hyderabad,34,22,195,15,22.55
Potato,Chennai,33,9,285,11,22.35
Tomato,Delhi,25,30,244,15,24.2
Onion,Chennai,35,13,293,26,41.35
Potato,Bangalore,25,11,198,23,33.8
Onion,Chennai,30,6,232,36,48.0
Tomato,Chennai,25,16,223,20,26.55
Potato,Chennai,32,7,293,27,43.95
Potato,Mumbai,27,17,190,13,25.8
Onion,Chennai,28,30,193,34,41.65
Tomato,Mumbai,27,8,298,24,39.1
Tomato,Delhi,31,30,279,13,26.95
Tomato,Bangalore,34,10,283,23,37.15
Tomato,Chennai,29,22,184,32,38.0
Onion,Chennai,35,1,241,29,39.95
Potato,Bangalore,25,29,261,28,41.15
Tomato,Mumbai,35,30,286,35,46.3
Tomato,Bangalore,25,25,279,32,48.45
Potato,Hyderabad,31,2,247,34,46.15
Potato,Chennai,30,27,264,12,25.5
Tomato,Hyderabad,34,12,189,35,42.25
Onion,Delhi,26,9,208,17,23.5
Potato,Hyderabad,35,7,237,37,49.15
Onion,Delhi,34,6,236,19,33.2
Potato,Chennai,31,18,276,18,33.0
Onion,Hyderabad,29,29,244,33,43.3
Tomato,Hyderabad,35,14,209,23,36.05
Potato,Bangalore,34,11,224,40,51.1
Potato,Delhi,32,12,222,10,22.9
Tomato,Mumbai,25,17,180,39,45.3
Tomato,Delhi,26,9,222,21,30.2
Tomato,Bangalore,28,19,270,27,41.6
Tomato,Chennai,26,27,230,12,25.8
Tomato,Chennai,34,19,298,29,41.0
Potato,Mumbai,32,7,188,19,31.7
Tomato,Hyderabad,32,15,298,24,34.4
Potato,Chennai,32,6,237,17,25.25
Potato,Chennai,29,16,198,32,43.3
Potato,Chennai,35,3,239,22,34.65
Tomato,Delhi,33,28,230,26,37.7
Onion,Hyderabad,26,23,286,38,53.0
Onion,Delhi,32,2,218,17,31.7
Potato,Delhi,25,2,282,39,56.9
Tomato,Mumbai,33,18,296,40,55.0
Potato,Bangalore,28,10,232,24,33.6
Onion,Mumbai,25,2,268,40,52.2
Onion,Bangalore,35,29,274,37,52.8
Onion,Bangalore,29,19,240,14,27.1
Tomato,Hyderabad,32,1,203,22,33.05
Potato,Mumbai,28,1,239,24,40.85
Tomato,Bangalore,35,21,208,35,47.3
Tomato,Bangalore,33,21,198,26,31.8
Potato,Chennai,32,21,281,18,27.95
Onion,Delhi,33,16,289,17,27.85
Potato,Delhi,27,4,243,35,44.75
Tomato,Chennai,27,21,287,19,35.25
Tomato,Chennai,30,28,299,20,35.15
Potato,Bangalore,30,26,257,24,37.25
Tomato,Delhi,31,14,182,18,25.7
Tomato,Chennai,25,2,186,10,24.1
Onion,Delhi,33,30,297,27,37.85
Onion,Delhi,26,12,299,36,47.75
Tomato,Hyderabad,26,6,210,38,50.9
Tomato,Chennai,31,22,190,22,33.3
Potato,Delhi,27,29,242,14,28.2
Tomato,Bangalore,29,0,263,36,49.15
Potato,Hyderabad,27,18,282,23,37.3
Potato,Hyderabad,29,21,187,35,46.25
Potato,Chennai,26,0,203,30,45.15
Onion,Hyderabad,28,14,233,35,44.25
Potato,Bangalore,29,7,197,35,42.15
Tomato,Delhi,27,9,287,23,35.45
Potato,Mumbai,33,12,270,37,47.3
Tomato,Bangalore,33,28,255,11,25.95
Potato,Chennai,34,7,224,30,39.5
Onion,Hyderabad,30,9,247,15,29.45
Onion,Hyderabad,35,1,273,15,29.55
Tomato,Hyderabad,25,23,219,37,49.65
Potato,Hyderabad,30,25,269,24,35.95
Potato,Chennai,29,22,211,17,22.35
Tomato,Mumbai,34,8,227,35,45.55
Tomato,Mumbai,25,22,203,35,43.95
Onion,Chennai,29,4,229,27,35.05
Tomato,Mumbai,29,30,226,30,36.3
Tomato,Mumbai,28,14,260,16,29.6
Potato,Chennai,32,19,240,10,18.1
Tomato,Delhi,34,18,195,23,28.95
Onion,Delhi,35,3,224,18,32.9
Tomato,Chennai,27,19,225,22,31.35
Tomato,Delhi,30,15,300,20,38.5
Potato,Bangalore,25,4,299,32,47.55
Potato,Bangalore,35,20,272,25,41.6
Onion,Hyderabad,27,1,265,39,49.15
Onion,Hyderabad,33,18,242,13,21.3
Tomato,Delhi,29,19,274,37,50.8
Tomato,Bangalore,31,1,299,35,50.85
Potato,Mumbai,28,1,200,36,44.9
Onion,Chennai,34,3,253,36,48.35
Onion,Mumbai,32,18,197,33,40.05
Tomato,Delhi,32,3,300,18,35.7
Potato,Delhi,33,2,230,37,51.3
Tomato,Mumbai,27,27,296,12,22.1
Onion,Bangalore,33,8,207,15,26.55
Potato,Mumbai,29,2,230,11,24.3
Onion,Mumbai,29,22,196,13,25.6
Onion,Bangalore,33,18,229,10,23.65
Potato,Bangalore,31,19,239,33,41.05
Potato,Chennai,35,4,257,12,21.45
Onion,Bangalore,31,6,226,27,39.7
Onion,Hyderabad,33,25,258,24,33.4
Onion,Hyderabad,27,21,267,10,24.25
Tomato,Delhi,25,11,270,31,45.4
Tomato,Hyderabad,34,29,297,24,36.95
Onion,Chennai,32,9,285,35,50.35
Potato,Mumbai,29,14,291,35,53.15
Tomato,Hyderabad,32,23,230,35,49.2
Tomato,Chennai,32,20,286,30,41.3
Onion,Chennai,35,1,280,33,46.9
Onion,Delhi,33,5,297,27,41.35
Tomato,Delhi,29,21,188,30,40.3
Onion,Bangalore,28,16,230,40,53.9
Tomato,Mumbai,31,30,298,25,39.9
Onion,Chennai,30,11,183,11,21.05
Potato,Hyderabad,28,21,260,31,46.9
Potato,Bangalore,33,28,202,21,29.3
Potato,Bangalore,29,3,203,15,28.85
Tomato,Mumbai,35,30,205,28,34.25
Potato,Bangalore,28,28,191,31,40.75
Onion,Delhi,27,11,263,22,38.05
Tomato,Bangalore,29,7,221,15,28.35
Onion,Hyderabad,34,24,191,34,41.15
Potato,Bangalore,29,1,299,15,32.85
Tomato,Delhi,25,30,236,17,23.8
Onion,Mumbai,25,21,294,24,35.6
Potato,Delhi,30,10,236,17,26.8
Potato,Bangalore,30,25,296,16,31.3
Tomato,Chennai,30,19,265,39,54.35
Potato,Bangalore,34,0,286,32,50.3
Onion,Chennai,33,21,184,18,24.1
Onion,Delhi,29,26,218,24,35.3
Potato,Delhi,34,11,265,25,38.15
Potato,Mumbai,29,2,209,15,28.25
Tomato,Chennai,31,3,210,13,26.2
Tomato,Bangalore,27,28,255,26,39.95
Onion,Hyderabad,25,16,187,11,18.75
Onion,Bangalore,25,1,297,25,42.75
Potato,Mumbai,34,11,189,21,28.35
Onion,Mumbai,27,30,264,12,23.2
Onion,Mumbai,34,7,278,26,39.2
Potato,Chennai,31,4,264,36,47.8
Onion,Mumbai,33,17,227,28,40.65
Onion,Chennai,27,20,233,28,42.65
Tomato,Hyderabad,35,1,217,31,46.75
Potato,Hyderabad,32,8,222,26,37.3
Potato,Hyderabad,26,19,189,23,28.55
Tomato,Bangalore,30,4,240,28,36.6
Onion,Mumbai,30,25,297,23,34.35
Potato,Hyderabad,27,10,229,19,27.45
Onion,Delhi,27,24,214,17,22.3
Onion,Mumbai,34,5,224,38,52.7
Potato,Mumbai,31,4,250,25,41.1
Potato,Bangalore,28,8,193,39,44.85
Onion,Delhi,27,26,187,23,28.75
Tomato,Hyderabad,25,28,201,13,20.25
Potato,Mumbai,28,1,224,13,23.1
Tomato,Mumbai,33,12,282,25,40.9
Tomato,Bangalore,32,21,186,27,36.2
Tomato,Delhi,32,26,259,16,29.35
Onion,Bangalore,31,22,185,37,43.05
Onion,Delhi,35,10,269,31,43.45
Onion,Mumbai,34,21,283,29,46.05
Potato,Mumbai,30,12,211,26,39.35
Tomato,Chennai,29,27,217,36,43.15
Tomato,Chennai,26,17,273,24,32.95
Onion,Delhi,28,2,257,24,39.65
Onion,Hyderabad,28,5,192,35,49.1
Tomato,Mumbai,29,24,197,24,34.45
Potato,Delhi,35,14,257,10,18.45
Potato,Chennai,33,30,228,35,40.4
Potato,Hyderabad,34,18,246,25,37.5
Onion,Mumbai,30,20,225,28,36.25
Tomato,Chennai,27,14,276,25,36.4
Potato,Bangalore,25,24,285,23,35.85
Potato,Chennai,25,23,201,19,30.75
Tomato,Mumbai,30,30,242,14,27.1
Tomato,Hyderabad,29,20,203,33,46.15
Onion,Hyderabad,31,7,197,14,26.15
Onion,Delhi,32,22,269,18,32.25
Tomato,Hyderabad,29,7,291,13,28.85
Potato,Mumbai,31,29,254,29,35.8
Tomato,Mumbai,33,6,208,36,46.8
Onion,Chennai,31,14,257,31,40.45
Potato,Hyderabad,27,10,244,17,32.2
Potato,Bangalore,31,26,295,10,23.15
Potato,Bangalore,34,23,219,16,22.65
Tomato,Hyderabad,31,16,248,39,48.8
Potato,Chennai,30,4,195,19,25.35
Tomato,Bangalore,28,29,286,32,41.4
Onion,Chennai,25,2,191,30,43.35
Onion,Mumbai,27,21,273,16,32.55
Potato,Mumbai,35,13,188,20,30.1
Potato,Chennai,35,17,260,22,32.3
Onion,Delhi,26,26,215,32,40.15
Tomato,Mumbai,26,14,294,15,25.3
Tomato,Hyderabad,27,12,285,15,32.05
Tomato,Chennai,34,4,183,37,46.75
Tomato,Mumbai,29,22,281,10,26.85
Potato,Hyderabad,28,11,239,30,40.85
Onion,Mumbai,30,13,185,20,32.95
Potato,Mumbai,30,1,300,29,43.9
Onion,Bangalore,27,14,294,25,38.3
Tomato,Delhi,33,22,269,29,43.25
Onion,Hyderabad,29,17,293,28,38.95
Tomato,Delhi,27,6,216,15,30.2
Onion,Chennai,34,18,227,19,30.55
Tomato,Delhi,29,12,247,27,39.15
Onion,Hyderabad,27,3,286,10,26.0
Onion,Mumbai,28,11,189,10,23.35
Tomato,Bangalore,27,13,277,22,32.55
Onion,Bangalore,31,11,252,11,19.5
Tomato,Bangalore,29,11,268,24,36.3
Potato,Hyderabad,34,18,277,15,24.05
Onion,Mumbai,26,12,246,27,39.1
Tomato,Delhi,26,13,260,34,44.7
Potato,Delhi,32,28,288,35,51.6
Potato,Hyderabad,34,13,261,36,49.75
Tomato,Delhi,35,20,298,33,46.9
Onion,Bangalore,28,4,204,28,36.8
Tomato,Bangalore,26,25,224,12,20.7
Onion,Bangalore,26,20,185,18,23.25
Tomato,Delhi,31,1,252,21,34.5
Tomato,Chennai,26,21,271,38,51.45
Tomato,Delhi,35,25,205,15,20.75
Tomato,Mumbai,33,10,210,28,37.5
Onion,Mumbai,29,23,208,19,32.1
Potato,Delhi,28,1,227,20,29.25
Potato,Hyderabad,32,14,185,39,50.85
Onion,Chennai,34,22,280,37,52.8
Tomato,Bangalore,25,22,184,19,29.0
Onion,Bangalore,30,13,293,31,43.35
Onion,Chennai,25,17,276,24,34.1
Onion,Delhi,26,26,287,38,48.75
Potato,Mumbai,28,21,207,12,23.25
Onion,Chennai,25,0,265,10,24.25
Potato,Chennai,27,17,196,20,29.1
Potato,Hyderabad,35,13,276,22,38.5
Onion,Chennai,27,24,226,21,29.9
Potato,Mumbai,28,29,259,10,19.05
Potato,Mumbai,33,6,213,15,24.05
Tomato,Hyderabad,26,11,204,39,49.1
Tomato,Mumbai,29,1,183,14,25.05
Potato,Hyderabad,33,20,268,23,31.4
Tomato,Bangalore,34,7,287,12,27.65
Tomato,Mumbai,26,2,250,17,27.3
Onion,Hyderabad,33,24,281,20,31.65
Onion,Mumbai,25,14,227,30,44.95
Tomato,Bangalore,30,21,284,30,43.1
Potato,Chennai,25,28,283,26,38.35
Onion,Delhi,29,20,211,15,20.55
Onion,Delhi,25,14,246,15,27.9
Tomato,Delhi,31,10,188,33,40.4
Tomato,Mumbai,34,21,268,40,55.3
Onion,Mumbai,35,25,243,38,48.65
Tomato,Chennai,29,15,205,31,40.75
Potato,Hyderabad,35,23,214,36,49.4
Potato,Mumbai,33,11,298,28,40.8
Onion,Chennai,26,11,184,14,21.1
Potato,Mumbai,35,11,239,29,39.85
Tomato,Chennai,31,6,191,22,29.95
Onion,Hyderabad,25,6,270,34,50.9
Tomato,Bangalore,35,10,184,36,47.2
Tomato,Mumbai,35,26,290,18,28.9
Potato,Chennai,26,17,297,25,41.15
Potato,Bangalore,28,16,250,22,34.9
Potato,Chennai,32,24,259,32,42.55
Tomato,Delhi,31,12,194,18,29.5
Onion,Mumbai,28,3,274,31,44.4
Tomato,Mumbai,30,22,249,19,33.25
Potato,Bangalore,27,9,223,16,23.25
Potato,Hyderabad,34,2,249,22,32.25
Tomato,Bangalore,33,16,239,30,38.35
Tomato,Hyderabad,31,10,277,27,38.85
Potato,Chennai,31,23,242,15,23.8
Onion,Delhi,31,25,229,18,24.95
Potato,Hyderabad,34,27,279,10,24.25
Onion,Hyderabad,34,15,289,17,27.95
Onion,Delhi,33,26,233,37,44.05
Onion,Chennai,30,3,205,31,38.95
Onion,Hyderabad,35,29,283,13,26.25
Onion,Chennai,31,0,282,20,37.1
Potato,Bangalore,28,14,246,16,25.9
Potato,Hyderabad,25,26,262,30,41.5
Tomato,Delhi,31,1,285,11,25.15
Potato,Bangalore,25,13,272,39,51.3
Onion,Chennai,31,18,202,27,32.3
Onion,Delhi,27,11,242,18,28.0
Onion,Bangalore,34,2,268,21,35.2
Potato,Hyderabad,32,7,226,36,50.6
Onion,Hyderabad,33,24,261,10,22.65
Tomato,Bangalore,28,23,210,33,39.2
Potato,Mumbai,31,4,188,34,48.0
Tomato,Mumbai,33,24,280,23,39.6
Potato,Hyderabad,32,18,281,28,45.25
Potato,Mumbai,26,29,192,39,47.7
Tomato,Hyderabad,35,3,293,21,36.35
Potato,Bangalore,33,11,261,17,25.95
Potato,Chennai,30,22,210,40,47.3
Tomato,Hyderabad,31,30,265,10,20.25
Potato,Hyderabad,35,19,283,12,24.25
Tomato,Chennai,32,28,183,20,30.35
Potato,Delhi,27,10,228,39,47.4
Tomato,Chennai,26,1,235,23,38.65
Potato,Delhi,30,14,254,36,52.3
Potato,Hyderabad,34,3,243,21,36.85
Tomato,Mumbai,28,27,235,24,30.05
Potato,Hyderabad,31,24,259,23,34.55
Onion,Bangalore,27,29,184,20,26.3
Tomato,Bangalore,27,25,280,21,33.5
Onion,Delhi,34,24,297,39,54.45
Tomato,Chennai,34,5,294,10,25.2
Tomato,Hyderabad,30,20,225,36,42.25
Potato,Mumbai,33,29,196,35,44.9
Tomato,Hyderabad,29,21,295,26,43.65
Tomato,Chennai,28,5,280,16,29.5
Onion,Hyderabad,26,15,226,12,23.8
Potato,Mumbai,33,9,232,38,45.7
Potato,Mumbai,25,9,271,39,55.65
Tomato,Chennai,27,22,187,19,25.15
Tomato,Mumbai,33,12,226,31,46.1
Tomato,Mumbai,35,1,243,40,55.05
Tomato,Chennai,25,4,277,36,46.45
Potato,Bangalore,29,25,203,24,31.65
Potato,Chennai,35,18,247,19,31.55
Potato,Delhi,27,3,272,37,52.3
Onion,Mumbai,28,3,257,15,28.55
Potato,Mumbai,29,3,186,19,26.0
